id,name,ncase,nctrl,cv_mean,cv_sd,cv_min,cv_max,boot_mean,boot_sd,cv42,boot42,seeds_cv,seeds_boot
E03,ACr_noPSM_classweight,91,683,0.8227599999999999,0.011151143439127674,0.8127,0.8375,0.7470399999999999,0.01072790753129427,0.8375,0.7487,0.838;0.813;0.831;0.819;0.813,0.749;0.763;0.749;0.738;0.736
E04,ACr_noPSM_smote,91,683,0.81746,0.01652885355976027,0.7911,0.8354,0.78772,0.015191839914901667,0.8182,0.7721,0.818;0.817;0.835;0.826;0.791,0.772;0.805;0.785;0.802;0.775
E05,SCr_noPSM_smote,47,683,0.87876,0.0167063760283312,0.8565,0.9014,0.8495199999999998,0.007880482218747785,0.9014,0.8419,0.901;0.873;0.876;0.857;0.887,0.842;0.846;0.844;0.859;0.857
E05L,SCr_noPSM_smote_LEGACYFILTER,47,683,0.85328,0.01618539465073373,0.8314,0.8708,0.84216,0.009601458222582642,0.8708,0.8356,0.871;0.847;0.850;0.868;0.831,0.836;0.841;0.859;0.837;0.838
E11,ACr_noPSM_cw_no_age,91,683,0.7841600000000001,0.013779622636342392,0.7687,0.8044,0.72044,0.013431790647564468,0.7813,0.7139,0.781;0.769;0.790;0.804;0.776,0.714;0.717;0.703;0.736;0.733
E12,SCr_noPSM_smote_no_age,47,683,0.86424,0.017943048793334977,0.8415,0.8877,0.83102,0.01443630839238345,0.8877,0.8356,0.888;0.854;0.875;0.842;0.862,0.836;0.832;0.846;0.836;0.807
E15,ACr_noPSM_cw_power_only,91,683,0.8097200000000001,0.0054536226492121614,0.8013,0.8145,0.77746,0.020533216991012383,0.8114,0.7457,0.811;0.801;0.807;0.815;0.814,0.746;0.794;0.770;0.795;0.782
E16,ACr_noPSM_cw_sl_only,91,683,0.7361000000000001,0.014333875958721026,0.7199,0.7577,0.6904600000000001,0.007615970062966366,0.7387,0.7011,0.739;0.720;0.758;0.727;0.737,0.701;0.693;0.686;0.681;0.691
E17,ACr_noPSM_cw_coh_only,91,683,0.80488,0.009312733218556217,0.7903,0.8132,0.7591,0.007891451070620671,0.7903,0.7479,0.790;0.812;0.813;0.807;0.802,0.748;0.767;0.766;0.755;0.760
E18,ACr_noPSM_cw_entropy_only,91,683,0.6815,0.016634301909007183,0.6642,0.6985,0.6347799999999999,0.010258264960508676,0.6978,0.6189,0.698;0.666;0.681;0.664;0.699,0.619;0.639;0.647;0.637;0.633
E19,ACr_noPSM_cw_crossfreq_only,91,683,0.7426,0.016210953087341887,0.7236,0.7644,0.70192,0.016172105614297723,0.7644,0.6754,0.764;0.733;0.753;0.739;0.724,0.675;0.716;0.705;0.714;0.700
E20,ACr_noPSM_cw_node_level,91,683,0.82592,0.007650620889836325,0.8163,0.8375,0.78284,0.01865845652780529,0.8234,0.7551,0.823;0.827;0.838;0.816;0.826,0.755;0.801;0.787;0.797;0.774
E21,SCr_noPSM_smote_power_only,47,683,0.8525599999999999,0.008207496573255469,0.844,0.8617,0.8095600000000001,0.0188340914301699,0.8525,0.828,0.853;0.844;0.860;0.845;0.862,0.828;0.784;0.828;0.805;0.803
E22,SCr_noPSM_smote_sl_only,47,683,0.74766,0.013158951325998591,0.7294,0.7606,0.71136,0.00928482633117063,0.741,0.7228,0.741;0.761;0.729;0.760;0.748,0.723;0.712;0.703;0.718;0.701
E23,SCr_noPSM_smote_coh_only,47,683,0.7859599999999999,0.01816474607584703,0.7663,0.8135,0.7215199999999999,0.015697356465341566,0.7925,0.6948,0.792;0.775;0.814;0.766;0.782,0.695;0.720;0.730;0.731;0.732
E24,SCr_noPSM_smote_entropy_only,47,683,0.8223799999999999,0.01762844292613504,0.7995,0.8424,0.7498,0.012691335627111909,0.8132,0.7423,0.813;0.799;0.842;0.819;0.837,0.742;0.765;0.754;0.732;0.756
E25,SCr_noPSM_smote_crossfreq_only,47,683,0.8066800000000001,0.008070130110475313,0.7938,0.8145,0.7907400000000001,0.029658776104215755,0.8145,0.7826,0.815;0.805;0.809;0.794;0.812,0.783;0.815;0.811;0.743;0.803
E26,SCr_noPSM_smote_node_level,47,683,0.8944599999999999,0.011082328275231711,0.8822,0.905,0.82126,0.011143518295403861,0.8967,0.8038,0.897;0.884;0.882;0.905;0.905,0.804;0.827;0.822;0.819;0.834
E29,AllCarriers_vs_HC_smote,138,683,0.84566,0.011467475746649722,0.8302,0.8587,0.7767799999999999,0.006851788087791395,0.8405,0.7749,0.841;0.844;0.830;0.855;0.859,0.775;0.777;0.769;0.787;0.775
E30,SCr_vs_HCSCr_agematch,47,73,0.72822,0.0280088735939166,0.6912,0.7655,0.66496,0.023433053578225747,0.7154,0.6564,0.715;0.726;0.765;0.691;0.743,0.656;0.629;0.673;0.689;0.678
E31,AllCarriers_noLD_vs_HC,81,683,0.88662,0.010138638961912031,0.8724,0.9008,0.7765,0.011065938731079226,0.8849,0.7705,0.885;0.889;0.901;0.872;0.886,0.770;0.762;0.786;0.776;0.789
E32,SCr_noLD_vs_HC,31,683,0.89168,0.00880607744685453,0.8762,0.8972,0.8170399999999999,0.04363614327595878,0.8956,0.8274,0.896;0.893;0.897;0.896;0.876,0.827;0.740;0.847;0.841;0.830
E33,ACr_noLD_vs_HC,50,683,0.7900400000000001,0.026535410303969324,0.7613,0.8332,0.70838,0.04348979190568751,0.7893,0.6818,0.789;0.787;0.833;0.779;0.761,0.682;0.698;0.657;0.761;0.745
E34,SCr_vs_HC_Medellin_samesite,47,65,0.7815199999999999,0.037410586736911784,0.7417,0.8326,0.7041999999999999,0.01787847868248303,0.7893,0.7071,0.789;0.748;0.796;0.833;0.742,0.707;0.727;0.700;0.709;0.678
E35,ACr_vs_HC_Medellin_samesite,91,65,0.55918,0.02601099767406086,0.5381,0.6007,0.55752,0.024808305061007296,0.5399,0.5915,0.540;0.549;0.538;0.601;0.568,0.592;0.524;0.550;0.553;0.569
E36,SCr_noPSM_smote_NOCOMBAT,47,683,0.9437000000000001,0.0123241632576009,0.9267,0.9548,0.9069800000000001,0.013560125368152022,0.9548,0.884,0.955;0.935;0.954;0.948;0.927,0.884;0.907;0.911;0.919;0.913
E37,ACr_noPSM_classweight_NOCOMBAT,91,683,0.9654399999999999,0.0020156884679929945,0.9622,0.9675,0.95122,0.007035410435788366,0.9622,0.9609,0.962;0.965;0.966;0.966;0.968,0.961;0.945;0.956;0.949;0.945
E40,ACr_noPSM_classweight_XFIT,91,683,0.83194,0.010876488403892152,0.814,0.8414,0.7539,0.015529810043912327,0.8346,0.7733,0.835;0.814;0.841;0.839;0.831,0.773;0.739;0.753;0.766;0.739
E41,SCr_noPSM_smote_XFIT,47,683,0.87386,0.017990497491731577,0.8456,0.8949,0.84806,0.01091572260548975,0.8949,0.8336,0.895;0.881;0.872;0.846;0.876,0.834;0.841;0.855;0.861;0.849
E50,SiteDetect_MedHC_vs_otherHC_NOCOMBAT,65,618,0.95008,0.0113197614815861,0.9368,0.9613,0.91228,0.01974935441982848,0.9368,0.938,0.937;0.961;0.952;0.961;0.940,0.938;0.919;0.884;0.906;0.915
E51,SiteDetect_MedHC_vs_otherHC_HARM,65,618,0.5549,0.021557481300003494,0.5361,0.5833,0.51498,0.01528747853637088,0.5361,0.5273,0.536;0.538;0.544;0.583;0.573,0.527;0.533;0.505;0.496;0.513
E60,ACr_age20_45_NOCOMBAT,91,183,0.8771599999999999,0.01190264676448057,0.866,0.8955,0.8422599999999999,0.01794750679063809,0.8955,0.8145,0.895;0.869;0.882;0.866;0.873,0.815;0.842;0.859;0.839;0.857
E61,ACr_age20_45_HARM,91,183,0.7426400000000001,0.004793015752112686,0.737,0.7476,0.6884599999999998,0.022175391766550583,0.7475,0.7071,0.748;0.739;0.737;0.742;0.748,0.707;0.701;0.663;0.665;0.706
E62,ACr_vs_HCACr_NOCOMBAT,91,160,0.86664,0.0035599157293396753,0.8632,0.8721,0.8332200000000001,0.010615884324916131,0.8721,0.8189,0.872;0.868;0.866;0.863;0.864,0.819;0.846;0.831;0.841;0.829
E63,ACr_vs_HCACr_HARM,91,160,0.72734,0.01815524717540359,0.7006,0.7489,0.6738199999999999,0.009890247721872282,0.7006,0.67,0.701;0.721;0.737;0.729;0.749,0.670;0.688;0.676;0.675;0.660
E64,ACr_within_hd2018_NOCOMBAT,28,22,0.64002,0.04655284094445795,0.6,0.7167,0.57478,0.022022647433948547,0.65,0.5955,0.650;0.600;0.717;0.617;0.617,0.596;0.565;0.552;0.560;0.601
E65,ACr_within_ld_NOCOMBAT,41,33,0.6597,0.01258113667360784,0.6429,0.675,0.59002,0.027523935038435202,0.6529,0.5951,0.653;0.675;0.668;0.643;0.660,0.595;0.588;0.566;0.567;0.634
E66,ACr_within_hd2012_NOCOMBAT,22,10,0.83834,0.06169301419123562,0.75,0.9,0.64818,0.08009851434327606,0.75,0.5401,0.750;0.900;0.800;0.875;0.867,0.540;0.729;0.594;0.713;0.665
E67,SCr_within_hd2018_NOCOMBAT,12,22,0.63166,0.06218342222811479,0.55,0.7083,0.46678,0.023204999461322998,0.625,0.4648,0.625;0.600;0.675;0.550;0.708,0.465;0.486;0.428;0.477;0.478
E68,SCr_within_ld_NOCOMBAT,16,33,0.90334,0.036135550362489284,0.85,0.95,0.8191599999999999,0.012960054012233133,0.95,0.8302,0.950;0.900;0.850;0.917;0.900,0.830;0.797;0.824;0.818;0.826
E69,SCr_within_hd2012_NOCOMBAT,19,10,0.6849999999999999,0.07416198487095664,0.6,0.8,0.5929599999999999,0.03701800913069201,0.6,0.5439,0.600;0.800;0.700;0.650;0.675,0.544;0.594;0.570;0.626;0.630
E70,ACr_drop_Seoul,91,397,0.77088,0.004364859677011405,0.7643,0.7763,0.7155199999999999,0.008909377082602329,0.7763,0.7093,0.776;0.771;0.773;0.764;0.770,0.709;0.714;0.719;0.729;0.706
E71,ACr_drop_Dortmund,91,488,0.8321999999999999,0.00626458298691941,0.8226,0.8384,0.78156,0.014644726013142081,0.8384,0.7569,0.838;0.823;0.833;0.837;0.830,0.757;0.780;0.794;0.788;0.789
E72,ACr_drop_Cuba,91,618,0.8436,0.011987076374162308,0.8251,0.8549,0.78394,0.011922583612623557,0.8443,0.7774,0.844;0.853;0.855;0.840;0.825,0.777;0.770;0.780;0.791;0.801
E73,ACr_drop_Poland,91,653,0.8279399999999999,0.01044954544465929,0.8123,0.8386,0.75998,0.023117244645502192,0.8243,0.7729,0.824;0.839;0.836;0.812;0.829,0.773;0.749;0.743;0.741;0.794
E74,ACr_drop_SmallSites,91,641,0.8263400000000001,0.012137050712590762,0.8064,0.8388,0.76154,0.02322203694769261,0.8388,0.7556,0.839;0.831;0.806;0.830;0.825,0.756;0.797;0.737;0.770;0.748
E75,SCr_drop_Seoul,47,397,0.8463799999999999,0.01822558641031886,0.8213,0.8642,0.7838,0.016784665620738506,0.8334,0.7636,0.833;0.864;0.854;0.821;0.859,0.764;0.779;0.806;0.775;0.795
E76,SCr_drop_Dortmund,47,488,0.87698,0.011768899693684184,0.8696,0.8975,0.82964,0.014334329422752925,0.8712,0.8477,0.871;0.897;0.870;0.870;0.876,0.848;0.820;0.841;0.826;0.814
E77,SCr_drop_Cuba,47,618,0.8769,0.012414306263339895,0.8637,0.8937,0.81372,0.0188198565350536,0.8718,0.8378,0.872;0.886;0.864;0.894;0.870,0.838;0.806;0.807;0.827;0.790
E78,SCr_drop_Poland,47,653,0.8775599999999999,0.009830462857871931,0.8649,0.8905,0.8234,0.03610595518747566,0.8649,0.8535,0.865;0.873;0.883;0.890;0.876,0.854;0.781;0.787;0.852;0.843
E79,SCr_drop_SmallSites,47,641,0.87124,0.010875339075173695,0.8594,0.8859,0.8155600000000002,0.037271208727380975,0.8737,0.7741,0.874;0.886;0.876;0.862;0.859,0.774;0.847;0.844;0.837;0.776
